Accession,Cell,Treatment,TF,ES,p.val,pval.adj,Arg.ES
ENCSR297GII.HNF4G.liver,liver,,HNF4G,0.54053,0,0,3079
ENCSR016BMM.TAF1.liver,liver,,TAF1,0.49766,0,0,3392
ENCSR735KEY.FOXA1.liver,liver,,FOXA1,0.49263,0,0,3091
ENCSR000EZP.SREBF1.Hep-G2,Hep-G2,,SREBF1,0.48636,0,0,2469
ENCSR310NYI.FOXA2.liver,liver,,FOXA2,0.48343,0,0,3091
ENCSR324RCI.FOXA1.liver,liver,,FOXA1,0.48302,0,0,3097
ENCSR000BQW.MBD4.Hep-G2,Hep-G2,,MBD4,0.47427,0,0,2689
ENCSR205FOW.ATF3.liver,liver,,ATF3,0.47074,0,0,3078
ENCSR480LIS.ATF3.liver,liver,,ATF3,0.47024,0,0,3091
ENCSR000EVQ.TCF7L2.Hep-G2,Hep-G2,,TCF7L2,0.46749,0,0,3028
ENCSR000EZO.SREBF2.Hep-G2,Hep-G2,,SREBF2,0.45675,0,0,2469
ENCSR516HUP.ZBTB33.liver,liver,,ZBTB33,0.4542,0,0,3394
ENCSR893QWP.REST.liver,liver,,REST,0.45235,0,0,3091
ENCSR080XEY.FOXA2.liver,liver,,FOXA2,0.44996,0,0,3105
ENCSR736BUG.EGR1.liver,liver,,EGR1,0.44549,0,0,4316
ENCSR656JZL.HHEX.Hep-G2,Hep-G2,,HHEX,0.44122,0,0,3086
ENCSR800QIT.HNF1A.Hep-G2,Hep-G2,,HNF1A,0.43966,0,0,3104
ENCSR867WPH.REST.liver,liver,,REST,0.43082,0,0,4210
ENCSR669LCD.ATF4.Hep-G2,Hep-G2,,ATF4,0.42999,0,0,2659
ENCSR000BQX.NFIC.Hep-G2,Hep-G2,,NFIC,0.4244,0,0,2719
ENCSR837GTK.JUND.liver,liver,,JUND,0.42418,0,0,3110
ENCSR196HGZ.JUND.liver,liver,,JUND,0.42393,0,0,3110
ENCSR000EEQ.PPARGC1A.Hep-G2,Hep-G2,,PPARGC1A,0.41988,0.009,0.03420994475138121,3492
ENCSR521IID.MAX.liver,liver,,MAX,0.41846,0,0,3096
ENCSR267DFA.FOXA1.Hep-G2,Hep-G2,,FOXA1,0.41741,0,0,2985
ENCSR887LYD.SMARCC2.Hep-G2,Hep-G2,,SMARCC2,0.41697,0,0,3056
ENCSR290ZOS.EGR1.liver,liver,,EGR1,0.40709,0,0,4101
ENCSR620YNB.KAT2B.Hep-G2,Hep-G2,,KAT2B,0.40506,0,0,3032
ENCSR000BRO.MYBL2.Hep-G2,Hep-G2,,MYBL2,0.40453,0,0,3117
ENCSR345YWJ.ZBTB33.liver,liver,,ZBTB33,0.40031,0,0,4045
ENCSR000DNW.BRF1.HeLa-S3,HeLa-S3,,BRF1,0.39609,0.081,0.2758811881188119,1922
ENCSR994YLZ.YY1.liver,liver,,YY1,0.39534,0,0,3394
ENCSR000BVM.NR2F2.Hep-G2,Hep-G2,,NR2F2,0.39042,0,0,3057
ENCSR444LIN.TCF7.Hep-G2,Hep-G2,,TCF7,0.38687,0,0,3097
ENCSR849FVL.GFI1.Hep-G2,Hep-G2,,GFI1,0.38592,0,0,3105
ENCSR968QDP.SMARCE1.Hep-G2,Hep-G2,,SMARCE1,0.38586,0.014,0.052347826086956525,3015
ENCSR029LBT.FOXP1.Hep-G2,Hep-G2,,FOXP1,0.38317,0,0,3095
ENCSR000EEW.ESRRA.Hep-G2,Hep-G2,,ESRRA,0.38049,0,0,2508
ENCSR000BHU.RXRA.Hep-G2,Hep-G2,,RXRA,0.37795,0,0,3374
ENCSR000EEU.HNF4A.Hep-G2,Hep-G2,,HNF4A,0.37548,0,0,3386
ENCSR791AGT.ZNF24.Hep-G2,Hep-G2,,ZNF24,0.37417,0.001,0.004071005917159764,2969
ENCSR413AJG.FOXJ3.Hep-G2,Hep-G2,,FOXJ3,0.37378,0,0,3386
ENCSR000BJX.SP1.Hep-G2,Hep-G2,,SP1,0.37328,0,0,3772
ENCSR337NWW.HDAC2.Hep-G2,Hep-G2,,HDAC2,0.37094,0,0,3038
ENCSR605YWG.TBX3.Hep-G2,Hep-G2,,TBX3,0.37068,0,0,3035
ENCSR000BNJ.HNF4G.Hep-G2,Hep-G2,,HNF4G,0.36793,0,0,3096
ENCSR000BJG.TCF12.Hep-G2,Hep-G2,,TCF12,0.36393,0,0,2989
ENCSR445ACU.SOX13.Hep-G2,Hep-G2,,SOX13,0.36348,0,0,3127
ENCSR897LDT.GATA2.Hep-G2,Hep-G2,,GATA2,0.36045,0,0,3056
ENCSR571PDN.SSRP1.Hep-G2,Hep-G2,,SSRP1,0.35916,0,0,3934
ENCSR518WPL.NR2F6.Hep-G2,Hep-G2,,NR2F6,0.35706,0,0,3053
ENCSR183AXJ.HNRNPUL1.Hep-G2,Hep-G2,,HNRNPUL1,0.35701,0,0,4135
ENCSR661PKJ.ONECUT2.Hep-G2,Hep-G2,,ONECUT2,0.35676,0,0,3137
ENCSR950NAZ.LCORL.Hep-G2,Hep-G2,,LCORL,0.3566,0,0,2981
ENCSR590CNM.GATA4.Hep-G2,Hep-G2,,GATA4,0.35558,0,0,4452
ENCSR310OZS.NR5A1.Hep-G2,Hep-G2,,NR5A1,0.35258,0,0,3096
ENCSR000BLF.HNF4A.Hep-G2,Hep-G2,,HNF4A,0.35205,0,0,3392
ENCSR000BRP.TEAD4.Hep-G2,Hep-G2,,TEAD4,0.34984,0,0,2685
ENCSR859JGF.ATM.Hep-G2,Hep-G2,,ATM,0.34867,0.024,0.08782978723404256,1317
ENCSR407BPU.ZNF609.Hep-G2,Hep-G2,,ZNF609,0.34674,0,0,4411
ENCSR847DIT.MAX.liver,liver,,MAX,0.34589,0,0,4408
ENCSR998YJI.ZNF503.Hep-G2,Hep-G2,,ZNF503,0.34459,0,0,4261
ENCSR038GMB.GABPA.liver,liver,,GABPA,0.34454,0,0,4813
ENCSR469FBY.HNF4A.Hep-G2,Hep-G2,,HNF4A,0.34412,0,0,3775
ENCSR000BVN.ZEB1.Hep-G2,Hep-G2,,ZEB1,0.3441,0,0,3127
ENCSR000EEO.SREBF1.Hep-G2,Hep-G2,,SREBF1,0.34384,0,0,3857
ENCSR000BLW.EP300.Hep-G2,Hep-G2,,EP300,0.34342,0,0,3384
ENCSR382PVA.GTF2F1.Hep-G2,Hep-G2,,GTF2F1,0.3429,0,0,3318
ENCSR272TOJ.DLX6.Hep-G2,Hep-G2,,DLX6,0.34205,0,0,4409
ENCSR346BOD.TCF7L2.Hep-G2,Hep-G2,,TCF7L2,0.34078,0,0,4263
ENCSR362NWP.ZNF24.Hep-G2,Hep-G2,,ZNF24,0.33983,0,0,4159
ENCSR238QRG.TBX3.Hep-G2,Hep-G2,,TBX3,0.33933,0,0,3736
ENCSR248BVU.ZNF264.Hep-G2,Hep-G2,,ZNF264,0.33895,0,0,4204
ENCSR315VYZ.PHF21A.Hep-G2,Hep-G2,,PHF21A,0.33808,0,0,3849
ENCSR903ELW.CREM.Hep-G2,Hep-G2,,CREM,0.33568,0,0,4399
ENCSR681WHQ.ETS1.Hep-G2,Hep-G2,,ETS1,0.33533,0,0,3873
ENCSR170DNV.PHB2.Hep-G2,Hep-G2,,PHB2,0.33473,0.192,0.6031780821917808,1277
ENCSR000EDV.EP300.Hep-G2,Hep-G2,,EP300,0.33448,0,0,3850
ENCSR000BJN.TAF1.Hep-G2,Hep-G2,,TAF1,0.33392,0,0,5380
ENCSR956OSX.ONECUT1.Hep-G2,Hep-G2,,ONECUT1,0.33212,0,0,2734
ENCSR696MBC.SRSF4.Hep-G2,Hep-G2,,SRSF4,0.32906,0,0,4120
ENCSR000EEL.TBP.Hep-G2,Hep-G2,,TBP,0.32752,0,0,4813
ENCSR171FUX.FOXK2.Hep-G2,Hep-G2,,FOXK2,0.32734,0,0,3733
ENCSR848YWD.ZMYM3.Hep-G2,Hep-G2,,ZMYM3,0.32558,0,0,3053
ENCSR514EOE.BRD4.Hep-G2,Hep-G2,,BRD4,0.32496,0,0,5111
ENCSR000BOT.REST.Hep-G2,Hep-G2,,REST,0.32332,0,0,4653
ENCSR369YUK.FOXP1.Hep-G2,Hep-G2,,FOXP1,0.32292,0,0,4380
ENCSR000DLR.MYC.Hep-G2,Hep-G2,,MYC,0.32174,0,0,4409
ENCSR185AYQ.DR1.Hep-G2,Hep-G2,,DR1,0.32166,0,0,4347
ENCSR000BQI.CEBPB.Hep-G2,Hep-G2,,CEBPB,0.32133,0,0,3096
ENCSR759KXQ.ZNF337.Hep-G2,Hep-G2,,ZNF337,0.32017,0,0,4457
ENCSR000EDP.ARID3A.Hep-G2,Hep-G2,,ARID3A,0.3189,0,0,3110
ENCSR993LMB.TGIF2.Hep-G2,Hep-G2,,TGIF2,0.3188,0,0,5206
ENCSR338MMB.NR2F2.liver,liver,,NR2F2,0.31798,0,0,3104
ENCSR945QEW.ZNF121.Hep-G2,Hep-G2,,ZNF121,0.31693,0,0,3128
ENCSR430JGJ.THRB.Hep-G2,Hep-G2,,THRB,0.31611,0,0,3663
ENCSR125DAD.MLX.Hep-G2,Hep-G2,,MLX,0.31608,0,0,4813
ENCSR959XNY.MED1.Hep-G2,Hep-G2,,MED1,0.31428,0,0,4457
ENCSR291MJH.MEF2A.Hep-G2,Hep-G2,,MEF2A,0.31358,0,0,4411
ENCSR764ZBK.HSF2.Hep-G2,Hep-G2,,HSF2,0.31336,0,0,3798
ENCSR530ARJ.PAXIP1.Hep-G2,Hep-G2,,PAXIP1,0.31194,0,0,4457
ENCSR168SMX.NR2F2.liver,liver,,NR2F2,0.31161,0,0,2795
ENCSR750OWO.HDAC1.Hep-G2,Hep-G2,,HDAC1,0.3114,0,0,4421
ENCSR000BID.BHLHE40.Hep-G2,Hep-G2,,BHLHE40,0.31025,0,0,3120
ENCSR714YZG.ETV4.Hep-G2,Hep-G2,,ETV4,0.31019,0,0,4409
ENCSR563JME.ZNF256.Hep-G2,Hep-G2,,ZNF256,0.30934,0,0,4455
ENCSR886VSY.ZNF224.Hep-G2,Hep-G2,,ZNF224,0.30808,0,0,4264
ENCSR110QXM.TCF25.Hep-G2,Hep-G2,,TCF25,0.30732,0,0,4174
ENCSR911MML.TCF3.Hep-G2,Hep-G2,,TCF3,0.30678,0,0,4251
ENCSR559ZKI.NR2C2.Hep-G2,Hep-G2,,NR2C2,0.30668,0,0,4411
ENCSR247XFV.CCAR2.Hep-G2,Hep-G2,,CCAR2,0.30565,0,0,3148
ENCSR000EEX.CEBPB.Hep-G2,Hep-G2,,CEBPB,0.30516,0,0,3396
ENCSR616WEG.HBP1.Hep-G2,Hep-G2,,HBP1,0.30404,0,0,4813
ENCSR923UTX.NONO.Hep-G2,Hep-G2,,NONO,0.30342,0,0,4813
ENCSR505LJT.ZFP37.Hep-G2,Hep-G2,,ZFP37,0.30285,0,0,4456
ENCSR182QWU.ZNF3.Hep-G2,Hep-G2,,ZNF3,0.30239,0,0,4344
ENCSR730TBC.MNT.Hep-G2,Hep-G2,,MNT,0.30218,0,0,4583
ENCSR206BVQ.ZNF786.Hep-G2,Hep-G2,,ZNF786,0.30181,0,0,4380
ENCSR156CWW.DNMT3B.Hep-G2,Hep-G2,,DNMT3B,0.29962,0,0,4174
ENCSR766TSU.SOX6.Hep-G2,Hep-G2,,SOX6,0.29959,0,0,3145
ENCSR331ORD.CREB1.Hep-G2,Hep-G2,,CREB1,0.29917,0,0,4582
ENCSR363ASY.ZNF629.Hep-G2,Hep-G2,,ZNF629,0.29917,0,0,4411
ENCSR561BQM.SIX1.Hep-G2,Hep-G2,,SIX1,0.29905,0,0,4377
ENCSR232LLP.FOXP4.Hep-G2,Hep-G2,,FOXP4,0.29821,0,0,4411
ENCSR794LVK.ARNTL.Hep-G2,Hep-G2,,ARNTL,0.29808,0,0,4399
ENCSR101FJS.TBL1XR1.Hep-G2,Hep-G2,,TBL1XR1,0.29764,0,0,4409
ENCSR780OXL.GMEB1.Hep-G2,Hep-G2,,GMEB1,0.29762,0,0,4409
ENCSR191TLD.PHF5A.Hep-G2,Hep-G2,,PHF5A,0.29742,0,0,4411
ENCSR502GAX.ZNF652.Hep-G2,Hep-G2,,ZNF652,0.29723,0,0,3145
ENCSR624GNZ.SRSF9.Hep-G2,Hep-G2,,SRSF9,0.2953,0.278,0.8500622222222224,3856
ENCSR711KBM.ZNF12.Hep-G2,Hep-G2,,ZNF12,0.29489,0,0,4251
ENCSR597MCV.LIN54.Hep-G2,Hep-G2,,LIN54,0.29485,0,0,4380
ENCSR492IHH.ISL2.Hep-G2,Hep-G2,,ISL2,0.29472,0,0,4380
ENCSR014RHK.ZNF175.Hep-G2,Hep-G2,,ZNF175,0.29439,0,0,4411
ENCSR510GKB.ZNF770.Hep-G2,Hep-G2,,ZNF770,0.29433,0,0,3799
ENCSR000BGL.SIN3A.Hep-G2,Hep-G2,,SIN3A,0.29348,0,0,4813
ENCSR000EET.HSF1.Hep-G2,Hep-G2,,HSF1,0.29284,0.031,0.11166492146596858,3454
ENCSR914HPP.ZNF44.Hep-G2,Hep-G2,,ZNF44,0.29216,0,0,4380
ENCSR103SZL.TFAP4.Hep-G2,Hep-G2,,TFAP4,0.29041,0,0,4264
ENCSR000EUN.ZNF274.WA01,WA01,,ZNF274,0.29028,0.625,1,1954
ENCSR243LNQ.PRPF4.Hep-G2,Hep-G2,,PRPF4,0.29004,0,0,2690
ENCSR130VQL.PPARG.Hep-G2,Hep-G2,,PPARG,0.28976,0,0,4384
ENCSR000BLV.SRF.Hep-G2,Hep-G2,,SRF,0.28798,0,0,4334
ENCSR000BHP.FOSL2.Hep-G2,Hep-G2,,FOSL2,0.28784,0,0,3865
ENCSR837GLU.ZNF232.Hep-G2,Hep-G2,,ZNF232,0.28717,0,0,4457
ENCSR000BGK.JUND.Hep-G2,Hep-G2,,JUND,0.28693,0,0,4409
ENCSR549PAU.ZBTB21.Hep-G2,Hep-G2,,ZBTB21,0.28622,0,0,4380
ENCSR157CAU.ZKSCAN1.Hep-G2,Hep-G2,,ZKSCAN1,0.28562,0,0,4456
ENCSR049KIZ.CUX1.Hep-G2,Hep-G2,,CUX1,0.28538,0,0,4415
ENCSR000BQJ.CEBPD.Hep-G2,Hep-G2,,CEBPD,0.28524,0,0,4457
ENCSR315JJE.HNRNPL.Hep-G2,Hep-G2,,HNRNPL,0.28484,0,0,4377
ENCSR528PSI.HLF.Hep-G2,Hep-G2,,HLF,0.2848,0,0,3178
ENCSR754MUD.SKI.Hep-G2,Hep-G2,,SKI,0.28469,0,0,4508
ENCSR145QNL.USF2.Hep-G2,Hep-G2,,USF2,0.28406,0.004,0.015725714285714287,3741
ENCSR124APT.NFYA.Hep-G2,Hep-G2,,NFYA,0.28398,0,0,4813
ENCSR107DKT.SP140L.Hep-G2,Hep-G2,,SP140L,0.2839,0,0,4401
ENCSR210ZYL.NBN.Hep-G2,Hep-G2,,NBN,0.28241,0.333,1,1659
ENCSR000EDU.MXI1.Hep-G2,Hep-G2,,MXI1,0.28229,0,0,4848
ENCSR765MKZ.DRAP1.Hep-G2,Hep-G2,,DRAP1,0.28095,0,0,4411
ENCSR000BMC.HDAC2.Hep-G2,Hep-G2,,HDAC2,0.28023,0,0,3617
ENCSR508LMH.ASH2L.Hep-G2,Hep-G2,,ASH2L,0.28009,0,0,2470
ENCSR410FEH.TBX2.Hep-G2,Hep-G2,,TBX2,0.27963,0,0,4459
ENCSR000BVL.CREB1.Hep-G2,Hep-G2,,CREB1,0.27916,0,0,4813
ENCSR127XTZ.HNF1B.Hep-G2,Hep-G2,,HNF1B,0.27907,0.001,0.004071005917159764,3481
ENCSR000EEK.JUN.Hep-G2,Hep-G2,,JUN,0.27866,0.005,0.019325842696629215,2778
ENCSR000EDQ.RCOR1.Hep-G2,Hep-G2,,RCOR1,0.27862,0,0,4159
ENCSR101FJU.ZNF384.Hep-G2,Hep-G2,,ZNF384,0.27855,0,0,3775
ENCSR670YPQ.DMAP1.Hep-G2,Hep-G2,,DMAP1,0.27822,0,0,3456
ENCSR849DFF.PBX2.Hep-G2,Hep-G2,,PBX2,0.27764,0.035,0.1241237113402062,3459
ENCSR177HDZ.FOS.Hep-G2,Hep-G2,,FOS,0.27757,0,0,4378
ENCSR633OVO.RFX3.Hep-G2,Hep-G2,,RFX3,0.27566,0.001,0.004071005917159764,3414
ENCSR603BJQ.FOXK1.Hep-G2,Hep-G2,,FOXK1,0.2756,0,0,4411
ENCSR019NPF.SP5.Hep-G2,Hep-G2,,SP5,0.27516,0,0,4459
ENCSR000DLI.MYC.WA01,WA01,,MYC,0.27515,0.619,1,3226
ENCSR313VZG.FIP1L1.Hep-G2,Hep-G2,,FIP1L1,0.27432,0.002,0.008,4348
ENCSR569ARC.NFYC.Hep-G2,Hep-G2,,NFYC,0.2737,0,0,4380
ENCSR407BEZ.ZHX2.Hep-G2,Hep-G2,,ZHX2,0.27354,0.003,0.011862068965517242,4409
ENCSR869RSW.ZNF766.Hep-G2,Hep-G2,,ZNF766,0.2735,0.002,0.008,4812
ENCSR589SNT.TFE3.Hep-G2,Hep-G2,,TFE3,0.2734,0.001,0.004071005917159764,4459
ENCSR235OVI.NFKBIZ.Hep-G2,Hep-G2,,NFKBIZ,0.27272,0.002,0.008,4384
ENCSR000BQA.ZBTB7A.Hep-G2,Hep-G2,,ZBTB7A,0.27244,0.005,0.019325842696629215,3144
ENCSR524RLU.RFXAP.Hep-G2,Hep-G2,,RFXAP,0.27178,0.005,0.019325842696629215,4380
ENCSR745VSQ.GMEB2.Hep-G2,Hep-G2,,GMEB2,0.27162,0.017,0.06288172043010753,5773
ENCSR757EKM.KLF6.Hep-G2,Hep-G2,,KLF6,0.2714,0.006,0.02306145251396648,3151
ENCSR000DNX.BDP1.HeLa-S3,HeLa-S3,,BDP1,0.2711,0.449,1,3938
ENCSR717ZZW.E2F1.Hep-G2,Hep-G2,,E2F1,0.27015,0.019,0.06990374331550803,4816
ENCSR005GZH.SMAD3.Hep-G2,Hep-G2,,SMAD3,0.26954,0.009,0.03420994475138121,4459
ENCSR868JLS.U2AF1.Hep-G2,Hep-G2,,U2AF1,0.26937,0.01,0.037802197802197804,4813
ENCSR699TNT.BACH1.Hep-G2,Hep-G2,,BACH1,0.26887,0.111,0.37071844660194175,3146
ENCSR581KCO.MYBL2.Hep-G2,Hep-G2,,MYBL2,0.26882,0.016,0.059502702702702706,3151
ENCSR409PMR.ZBED4.Hep-G2,Hep-G2,,ZBED4,0.26881,0.014,0.052347826086956525,4459
ENCSR011INW.PRDM15.Hep-G2,Hep-G2,,PRDM15,0.26771,0.032,0.11407253886010363,4457
ENCSR000BGM.USF1.Hep-G2,Hep-G2,,USF1,0.26676,0.029,0.10556613756613757,3799
ENCSR054FKH.RAD21.Hep-G2,Hep-G2,,RAD21,0.2664,0.03,0.10863157894736843,2660
ENCSR000EEF.USF2.Hep-G2,Hep-G2,,USF2,0.26636,0.129,0.4226285714285714,3706
ENCSR000EVS.NR2C2.Hep-G2,Hep-G2,,NR2C2,0.26614,0.154,0.4928,4822
ENCSR055FQB.ZNF217.Hep-G2,Hep-G2,,ZNF217,0.26558,0.036,0.1270153846153846,3146
ENCSR289PSX.PRDM10.Hep-G2,Hep-G2,,PRDM10,0.26549,0.032,0.11407253886010363,3151
ENCSR387JKT.KDM3A.Hep-G2,Hep-G2,,KDM3A,0.26371,0.048,0.16848979591836735,4411
ENCSR441KFW.MXD4.Hep-G2,Hep-G2,,MXD4,0.26307,0.061,0.21303553299492384,3097
ENCSR734WFB.ZNF697.Hep-G2,Hep-G2,,ZNF697,0.26287,0.079,0.270407960199005,4380
ENCSR452YHM.SIN3B.Hep-G2,Hep-G2,,SIN3B,0.26278,0.083,0.28130049261083745,4809
ENCSR488EES.NFE2L2.Hep-G2,Hep-G2,,NFE2L2,0.26278,0.135,0.44018957345971566,3447
ENCSR386UBO.ARID4A.Hep-G2,Hep-G2,,ARID4A,0.26272,0.068,0.23628282828282832,2645
ENCSR487CPI.ZFP64.Hep-G2,Hep-G2,,ZFP64,0.26231,0.075,0.25929648241206027,4383
ENCSR000EDW.SMC3.Hep-G2,Hep-G2,,SMC3,0.26228,0.124,0.41015384615384615,2669
ENCSR000BMZ.ELF1.Hep-G2,Hep-G2,,ELF1,0.26166,0.087,0.2934117647058823,4813
ENCSR081WLS.RAD51.Hep-G2,Hep-G2,,RAD51,0.26136,0.275,0.8446428571428573,3617
ENCSR000EDT.BHLHE40.Hep-G2,Hep-G2,,BHLHE40,0.26103,0.097,0.32554146341463414,4150
ENCSR283OLA.DNMT3B.Hep-G2,Hep-G2,,DNMT3B,0.26016,0.139,0.45109433962264156,4411
ENCSR918OKK.TAF1.Hep-G2,Hep-G2,,TAF1,0.25951,0.144,0.46295327102803735,2860
ENCSR127IHN.ZNF737.Hep-G2,Hep-G2,,ZNF737,0.25941,0.201,0.6285818181818182,3799
ENCSR000EED.CHD2.Hep-G2,Hep-G2,,CHD2,0.25921,0.142,0.4586666666666666,4415
ENCSR692GFR.KMT2A.Hep-G2,Hep-G2,,KMT2A,0.25906,0.158,0.5032592592592593,2440
ENCSR260UJI.MBD1.Hep-G2,Hep-G2,,MBD1,0.25887,0.177,0.5611797235023042,4411
ENCSR767HDQ.CERS6.Hep-G2,Hep-G2,,CERS6,0.25887,0.336,1,4272
ENCSR945NSF.PCBP2.Hep-G2,Hep-G2,,PCBP2,0.25788,0.267,0.8237488789237669,3039
ENCSR935GZV.NFYB.Hep-G2,Hep-G2,,NFYB,0.25751,0.211,0.656868778280543,4411
ENCSR261EDU.MNT.Hep-G2,Hep-G2,,MNT,0.25737,0.222,0.688,4347
ENCSR321VGW.ELF1.Hep-G2,Hep-G2,,ELF1,0.2559,0.288,0.8767433628318583,3151
ENCSR000DYT.SREBF2.GM12878,GM12878,,SREBF2,0.25527,0.475,1,4543
ENCSR512ECF.ZNF142.Hep-G2,Hep-G2,,ZNF142,0.25478,0.309,0.9365286343612335,4813
ENCSR069JKP.TFDP2.Hep-G2,Hep-G2,,TFDP2,0.25467,0.32,0.9656140350877194,4380
ENCSR350ORK.GABPA.liver,liver,,GABPA,0.25461,0.359,1,4844
ENCSR000BTM.MAX.Hep-G2,Hep-G2,,MAX,0.25316,0.409,1,3658
ENCSR000DYV.MAFK.GM12878,GM12878,,MAFK,0.25261,0.535,1,3997
ENCSR479RZV.CBFB.Hep-G2,Hep-G2,,CBFB,0.25186,0.462,1,4459
ENCSR704IGU.ZGPAT.Hep-G2,Hep-G2,,ZGPAT,0.25118,0.491,1,2440
ENCSR174GOO.HMGXB4.Hep-G2,Hep-G2,,HMGXB4,0.2508,0.553,1,3137
ENCSR066FXN.HNRNPH1.Hep-G2,Hep-G2,,HNRNPH1,0.25013,0.541,1,3377
ENCSR604VAE.PHF8.Hep-G2,Hep-G2,,PHF8,0.25013,0.544,1,2645
ENCSR322ULL.ZBTB7B.Hep-G2,Hep-G2,,ZBTB7B,0.24961,0.583,1,2439
ENCSR689JMN.PREB.Hep-G2,Hep-G2,,PREB,0.24923,0.567,1,4245
ENCSR000EDN.MAZ.Hep-G2,Hep-G2,,MAZ,0.24912,0.603,1,4459
ENCSR000BHR.ZBTB33.Hep-G2,Hep-G2,,ZBTB33,0.24876,0.544,1,4812
ENCSR000EDS.MAX.Hep-G2,Hep-G2,,MAX,0.24876,0.607,1,4813
ENCSR683CSF.ZNF207.Hep-G2,Hep-G2,,ZNF207,0.24794,0.806,1,4802
ENCSR000EEG.RAD21.Hep-G2,Hep-G2,,RAD21,0.24767,0.636,1,2660
ENCSR269TNX.GABPA.Hep-G2,Hep-G2,,GABPA,0.247,0.694,1,4813
ENCSR000EDZ.MAFK.Hep-G2,Hep-G2,,MAFK,0.24658,0.68,1,3146
ENCSR799GOY.YBX1.Hep-G2,Hep-G2,,YBX1,0.24649,0.625,1,1692
ENCSR991ADX.U2AF2.Hep-G2,Hep-G2,,U2AF2,0.24643,0.639,1,3773
ENCSR396QWK.MBD1_ISOF1.Hep-G2,Hep-G2,,MBD1_ISOF1,0.24635,0.671,1,3148
ENCSR080UEM.ZNF143.Hep-G2,Hep-G2,,ZNF143,0.24574,0.774,1,4348
ENCSR019KPC.PLRG1.Hep-G2,Hep-G2,,PLRG1,0.24306,0.751,1,1764
ENCSR398TMP.MYNN.Hep-G2,Hep-G2,,MYNN,0.24298,0.867,1,3775
ENCSR000EEA.RFX5.Hep-G2,Hep-G2,,RFX5,0.24293,0.824,1,4455
ENCSR599XKG.HMGXB4.Hep-G2,Hep-G2,,HMGXB4,0.24246,0.866,1,3196
ENCSR253OON.ATF1.Hep-G2,Hep-G2,,ATF1,0.24179,0.759,1,5095
ENCSR167MTG.STAG1.Hep-G2,Hep-G2,,STAG1,0.24159,0.901,1,3057
ENCSR924LSO.E2F4.Hep-G2,Hep-G2,,E2F4,0.24146,0.894,1,4813
ENCSR460YAM.SP1.Hep-G2,Hep-G2,,SP1,0.24035,0.906,1,3137
ENCSR168DYA.MAX.Hep-G2,Hep-G2,,MAX,0.24021,0.926,1,2365
ENCSR026GSW.EGR1.Hep-G2,Hep-G2,,EGR1,0.23985,0.931,1,2329
ENCSR529JYA.HCFC1.Hep-G2,Hep-G2,,HCFC1,0.23982,0.93,1,5206
ENCSR545FXC.ATF7.Hep-G2,Hep-G2,,ATF7,0.23839,0.876,1,2678
ENCSR949OEV.ZFY.Hep-G2,Hep-G2,,ZFY,0.23819,0.951,1,2645
ENCSR000BKE.ATF3.Hep-G2,Hep-G2,,ATF3,0.2377,0.85,1,4585
ENCSR000DNY.GTF3C2.HeLa-S3,HeLa-S3,,GTF3C2,0.2372,0.729,1,3396
ENCSR000BNT.YY1.Hep-G2,Hep-G2,,YY1,0.23714,0.972,1,4411
ENCSR313MMD.ZNF263.Hep-G2,Hep-G2,,ZNF263,0.23581,0.975,1,3134
ENCSR213QOZ.SMAD1.Hep-G2,Hep-G2,,SMAD1,0.2358,0.978,1,3145
ENCSR173NAL.ZNF598.Hep-G2,Hep-G2,,ZNF598,0.23408,0.99,1,3481
ENCSR663CTC.ZNF572.Hep-G2,Hep-G2,,ZNF572,0.23392,0.982,1,3062
ENCSR999JKC.HOXA3.Hep-G2,Hep-G2,,HOXA3,0.23365,0.986,1,2474
ENCSR701WPG.ZNF800.Hep-G2,Hep-G2,,ZNF800,0.23265,0.988,1,3137
ENCSR076KLJ.ZNF276.Hep-G2,Hep-G2,,ZNF276,0.23256,0.988,1,3062
ENCSR112ALD.CREB1.Hep-G2,Hep-G2,,CREB1,0.22973,0.999,1,4380
ENCSR565BVI.NFAT5.Hep-G2,Hep-G2,,NFAT5,0.22965,0.999,1,4380
ENCSR402ZCY.ATF3.Hep-G2,Hep-G2,,ATF3,0.22962,0.998,1,3137
ENCSR382XLA.ZFP36.Hep-G2,Hep-G2,,ZFP36,0.22924,0.964,1,3056
ENCSR000BNA.ZBTB33.Hep-G2,Hep-G2,,ZBTB33,0.22886,0.912,1,4979
ENCSR227PHM.ZNF501.Hep-G2,Hep-G2,,ZNF501,0.22841,0.998,1,3407
ENCSR334KIQ.SP1.Hep-G2,Hep-G2,,SP1,0.22783,0.826,1,4045
ENCSR029IBC.ARNT.Hep-G2,Hep-G2,,ARNT,0.22634,0.885,1,1917
ENCSR590QQP.FUS.Hep-G2,Hep-G2,,FUS,0.22448,0.999,1,3780
ENCSR000DZY.NFE2.GM12878,GM12878,,NFE2,0.22399,0.872,1,5390
ENCSR000EDY.BRCA1.Hep-G2,Hep-G2,,BRCA1,0.22375,0.991,1,4845
ENCSR882YYL.ZNF883.Hep-G2,Hep-G2,,ZNF883,0.22306,1,1,2474
ENCSR983KRB.MTA1.Hep-G2,Hep-G2,,MTA1,0.22234,1,1,2991
ENCSR005WGY.ZNF407.Hep-G2,Hep-G2,,ZNF407,0.22217,1,1,2330
ENCSR861JUQ.FOXK2.GM12878,GM12878,,FOXK2,0.22145,0.974,1,3729
ENCSR198BHH.ZNF550.Hep-G2,Hep-G2,,ZNF550,0.22132,1,1,2974
ENCSR525YFS.ZBTB40.Hep-G2,Hep-G2,,ZBTB40,0.22112,0.972,1,5109
ENCSR871VNN.ZNF274.Hep-G2,Hep-G2,,ZNF274,0.22057,1,1,2471
ENCSR911GFJ.CTCF.liver_right-lobe-of,liver,right-lobe,CTCF,0.21542,1,1,2469
ENCSR000EEJ.IRF3.Hep-G2,Hep-G2,,IRF3,0.21491,0.931,1,3928
ENCSR047BUZ.ATF2.Hep-G2,Hep-G2,,ATF2,0.21155,1,1,2779
ENCSR853ADA.NRF1.Hep-G2,Hep-G2,,NRF1,0.2109,1,1,4380
ENCSR000EUL.NR2C2.GM12878,GM12878,,NR2C2,0.21043,0.955,1,5962
ENCSR543BVU.SOX6.Hep-G2,Hep-G2,,SOX6,0.20974,0.962,1,1086
ENCSR697WMX.HIVEP1.Hep-G2,Hep-G2,,HIVEP1,0.20957,1,1,2796
ENCSR156APP.PTBP1.Hep-G2,Hep-G2,,PTBP1,0.20808,1,1,3144
ENCSR635OSG.RAD21.liver,liver,,RAD21,0.20789,1,1,3096
ENCSR000DZV.STAT3.GM12878,GM12878,,STAT3,0.20738,0.984,1,5066
ENCSR000EDF.IRF3.HeLa-S3,HeLa-S3,,IRF3,0.20695,0.994,1,4316
ENCSR752NDX.ZNF282.Hep-G2,Hep-G2,,ZNF282,0.20691,0.974,1,1317
ENCSR227MRE.KDM5B.Hep-G2,Hep-G2,,KDM5B,0.20688,1,1,2474
ENCSR000AQL.KDM5A.WA01,WA01,,KDM5A,0.20623,0.998,1,5999
ENCSR000EEV.NR3C1.Hep-G2,Hep-G2,,NR3C1,0.20567,0.978,1,5923
ENCSR101FJT.ZNF143.Hep-G2,Hep-G2,,ZNF143,0.20534,1,1,3150
ENCSR000EDC.STAT3.HeLa-S3,HeLa-S3,,STAT3,0.20492,1,1,3146
ENCSR254YRM.CTCF.liver,liver,,CTCF,0.20453,1,1,2474
ENCSR532WFC.ZBTB14.Hep-G2,Hep-G2,,ZBTB14,0.20397,1,1,4411
ENCSR000DNN.NFYA.GM12878,GM12878,,NFYA,0.20222,0.997,1,4207
ENCSR000EVN.NR2C2.HeLa-S3,HeLa-S3,,NR2C2,0.201,0.999,1,3947
ENCSR597VGC.ETV6.GM12878,GM12878,,ETV6,0.20084,0.996,1,3719
ENCSR000ECV.EP300.HeLa-S3,HeLa-S3,,EP300,0.19975,1,1,2690
ENCSR339JTP.RBM39.Hep-G2,Hep-G2,,RBM39,0.19966,1,1,3196
ENCSR000EYZ.FOS.GM12878,GM12878,,FOS,0.19917,1,1,4316
ENCSR476BQA.NONO.Hep-G2,Hep-G2,,NONO,0.19915,0.995,1,2551
ENCSR523XCR.RNF2.Hep-G2,Hep-G2,,RNF2,0.19915,1,1,3774
ENCSR108MKR.MNX1.Hep-G2,Hep-G2,,MNX1,0.19905,1,1,3014
ENCSR145CXH.TARDBP.Hep-G2,Hep-G2,,TARDBP,0.19903,1,1,3775
ENCSR068ZQR.ZNF777.Hep-G2,Hep-G2,,ZNF777,0.19855,1,1,3775
ENCSR439WAF.E4F1.GM12878,GM12878,,E4F1,0.1975,1,1,4366
ENCSR000ECK.MAFK.HeLa-S3,HeLa-S3,,MAFK,0.19744,1,1,3389
ENCSR000DKU.MYC.GM12878,GM12878,,MYC,0.19688,1,1,5187
ENCSR000BJK.GABPA.Hep-G2,Hep-G2,,GABPA,0.19672,1,1,5363
ENCSR000EYV.JUND.GM12878,GM12878,,JUND,0.19653,1,1,2993
ENCSR000AMA.CTCF.Hep-G2,Hep-G2,,CTCF,0.19586,1,1,2238
ENCSR000EUM.YY1.GM12878,GM12878,,YY1,0.19585,0.997,1,5130
ENCSR000DZU.USF2.GM12878,GM12878,,USF2,0.19388,1,1,3799
ENCSR000DNS.NFYA.HeLa-S3,HeLa-S3,,NFYA,0.19372,1,1,4214
ENCSR519QAA.HNRNPK.Hep-G2,Hep-G2,,HNRNPK,0.19359,1,1,3784
ENCSR872EVQ.PCBP1.Hep-G2,Hep-G2,,PCBP1,0.19273,1,1,4149
ENCSR000BRG.EGR1.GM12878,GM12878,,EGR1,0.19227,1,1,5141
ENCSR000EZK.STAT1.HeLa-S3,HeLa-S3,,STAT1,0.19178,1,1,3148
ENCSR237YZZ.MAFF.GM12878,GM12878,,MAFF,0.19165,1,1,4833
ENCSR000DZF.MAX.GM12878,GM12878,,MAX,0.19144,1,1,5111
ENCSR000DLS.CTCF.Hep-G2,Hep-G2,,CTCF,0.19138,1,1,2321
ENCSR000DLN.MYC.HeLa-S3,HeLa-S3,,MYC,0.19087,1,1,3957
ENCSR000EVL.E2F4.HeLa-S3,HeLa-S3,,E2F4,0.19084,1,1,5113
ENCSR000BGC.GABPA.GM12878,GM12878,,GABPA,0.19073,1,1,5982
ENCSR000DUG.CTCF.Hep-G2,Hep-G2,,CTCF,0.18893,1,1,2474
ENCSR000DYY.E2F4.GM12878,GM12878,,E2F4,0.18878,1,1,4571
ENCSR145BHD.NFRKB.Hep-G2,Hep-G2,,NFRKB,0.18873,1,1,4785
ENCSR000BOU.SP2.Hep-G2,Hep-G2,,SP2,0.18831,1,1,5187
ENCSR347NOB.CEBPZ.GM12878,GM12878,,CEBPZ,0.18757,1,1,5090
ENCSR422ZAO.IRF3.SK-N-SH,SK-N-SH,,IRF3,0.18725,1,1,4331
ENCSR000DNR.NFYB.HeLa-S3,HeLa-S3,,NFYB,0.18709,1,1,4320
ENCSR746XEG.NFXL1.GM12878,GM12878,,NFXL1,0.18704,1,1,3332
ENCSR000EBS.MAFK.WA01,WA01,,MAFK,0.18678,1,1,3305
ENCSR000DNM.NFYB.GM12878,GM12878,,NFYB,0.185,1,1,4383
ENCSR976TBC.IRF5.GM12878,GM12878,,IRF5,0.18434,1,1,4450
ENCSR000EVK.E2F6.HeLa-S3,HeLa-S3,,E2F6,0.18409,1,1,4348
ENCSR000DZX.IRF3.GM12878,GM12878,,IRF3,0.184,1,1,5075
ENCSR000ECI.ELK1.HeLa-S3,HeLa-S3,,ELK1,0.18363,1,1,5109
ENCSR251OVJ.SMAD5.GM12878,GM12878,,SMAD5,0.18264,1,1,5798
ENCSR707IUN.NFE2L2.HeLa-S3,HeLa-S3,,NFE2L2,0.1821,1,1,4456
ENCSR000EDD.TBP.HeLa-S3,HeLa-S3,,TBP,0.18208,1,1,5187
ENCSR000EZE.FOS.HeLa-S3,HeLa-S3,,FOS,0.18192,1,1,3175
ENCSR020CLV.ZNF891.Hep-G2,Hep-G2,,ZNF891,0.18185,1,1,3057
ENCSR000EVI.ELK4.HeLa-S3,HeLa-S3,,ELK4,0.18164,1,1,5109
ENCSR000ATQ.HDAC6.WA01,WA01,,HDAC6,0.18145,1,1,2031
ENCSR000BIE.CTCF.Hep-G2,Hep-G2,,CTCF,0.1809,1,1,2469
ENCSR611WZO.SREBF2.HeLa-S3,HeLa-S3,,SREBF2,0.18084,1,1,4463
ENCSR825MZS.TAF15.Hep-G2,Hep-G2,,TAF15,0.18046,1,1,3775
ENCSR000EVF.TCF7L2.HeLa-S3,HeLa-S3,,TCF7L2,0.18033,1,1,2988
ENCSR000EBV.CEBPB.WA01,WA01,,CEBPB,0.18008,1,1,2686
ENCSR555ZMV.AGO1.Hep-G2,Hep-G2,,AGO1,0.17893,1,1,3135
ENCSR000BJY.ATF3.GM12878,GM12878,,ATF3,0.17867,1,1,4376
ENCSR681NOM.CEBPB.GM12878,GM12878,,CEBPB,0.17859,1,1,5009
ENCSR000EBY.MYC.WA01,WA01,,MYC,0.17819,1,1,4380
ENCSR000DZB.ELK1.GM12878,GM12878,,ELK1,0.17814,1,1,5126
ENCSR680OFU.EP300.HeLa-S3,HeLa-S3,,EP300,0.17803,1,1,4411
ENCSR000EEH.NRF1.Hep-G2,Hep-G2,,NRF1,0.1777,1,1,5176
ENCSR859FDL.ZNF687.GM12878,GM12878,,ZNF687,0.17762,1,1,4245
ENCSR000ECY.PRDM1.HeLa-S3,HeLa-S3,,PRDM1,0.17759,1,1,3867
ENCSR000BHT.TAF1.HeLa-S3,HeLa-S3,,TAF1,0.17745,1,1,5190
ENCSR000BGI.USF1.GM12878,GM12878,,USF1,0.1772,1,1,3769
ENCSR664POU.RELA.GM12878,GM12878,,RELA,0.17713,1,1,4813
ENCSR542FLV.ZBTB33.GM12878,GM12878,,ZBTB33,0.17668,1,1,3879
ENCSR000ECH.HCFC1.HeLa-S3,HeLa-S3,,HCFC1,0.17658,1,1,5875
ENCSR482TWQ.RAD51.GM12878,GM12878,,RAD51,0.17655,1,1,3880
ENCSR764CZW.ZNF217.GM12878,GM12878,,ZNF217,0.17653,1,1,3792
ENCSR160ZLP.KDM5A.WA01,WA01,,KDM5A,0.17593,1,1,5966
ENCSR000ECD.USF2.WA01,WA01,,USF2,0.17538,1,1,3394
ENCSR000DYU.SREBF1.GM12878,GM12878,,SREBF1,0.17522,1,1,4886
ENCSR332EYT.STAT1.GM12878,GM12878,,STAT1,0.17486,1,1,4696
ENCSR219MKK.DEK.HeLa-S3,HeLa-S3,,DEK,0.17444,1,1,4452
ENCSR000ECJ.ZKSCAN1.HeLa-S3,HeLa-S3,,ZKSCAN1,0.17332,1,1,3949
ENCSR000DYQ.ESRRA.GM12878,GM12878,,ESRRA,0.17324,1,1,5111
ENCSR000DLO.CTCF.HeLa-S3,HeLa-S3,,CTCF,0.17306,1,1,3057
ENCSR784VIQ.NR2C1.GM12878,GM12878,,NR2C1,0.17295,1,1,5188
ENCSR000DZZ.TBP.GM12878,GM12878,,TBP,0.17284,1,1,5099
ENCSR514VYD.NR2F1.GM12878,GM12878,,NR2F1,0.1726,1,1,3395
ENCSR000AOA.CTCF.HeLa-S3,HeLa-S3,,CTCF,0.17238,1,1,2990
ENCSR819WZE.CBX1.Hep-G2,Hep-G2,,CBX1,0.17179,1,1,3146
ENCSR961PPA.ATF2.GM12878,GM12878,,ATF2,0.17171,1,1,2974
ENCSR974OFJ.KLF5.GM12878,GM12878,,KLF5,0.17169,1,1,5109
ENCSR000BMN.REST.HeLa-S3,HeLa-S3,,REST,0.17138,1,1,3059
ENCSR000EUJ.IKZF1.GM12878,GM12878,,IKZF1,0.17131,1,1,3406
ENCSR000DZW.RFX5.GM12878,GM12878,,RFX5,0.17125,1,1,4223
ENCSR000DYX.SIN3A.GM12878,GM12878,,SIN3A,0.17115,1,1,5885
ENCSR000EBP.GTF2F1.WA01,WA01,,GTF2F1,0.17107,1,1,4815
ENCSR072PWP.ZNF24.GM12878,GM12878,,ZNF24,0.17103,1,1,4134
ENCSR000ECW.USF2.HeLa-S3,HeLa-S3,,USF2,0.17099,1,1,4068
ENCSR392EAA.CHD1.HeLa-S3,HeLa-S3,,CHD1,0.17087,1,1,4810
ENCSR000ECZ.GTF2F1.HeLa-S3,HeLa-S3,,GTF2F1,0.17068,1,1,5355
ENCSR000BHS.GABPA.HeLa-S3,HeLa-S3,,GABPA,0.17048,1,1,5111
ENCSR000EZC.SMARCA4.HeLa-S3,HeLa-S3,,SMARCA4,0.1702,1,1,3371
ENCSR000BQZ.STAT5A.GM12878,GM12878,,STAT5A,0.16972,1,1,3784
ENCSR408JQO.IRF3.GM12878,GM12878,,IRF3,0.16958,1,1,4320
ENCSR342THD.BCLAF1.GM12878,GM12878,,BCLAF1,0.16942,1,1,4884
ENCSR000DZI.MXI1.GM12878,GM12878,,MXI1,0.16931,1,1,5108
ENCSR330EXS.RBBP5.GM12878,GM12878,,RBBP5,0.16927,1,1,5150
ENCSR000EVE.TCF7L2.HeLa-S3,HeLa-S3,,TCF7L2,0.1691,1,1,2681
ENCSR459FTB.UBTF.GM12878,GM12878,,UBTF,0.16892,1,1,4468
ENCSR192AFN.PAX8.GM12878,GM12878,,PAX8,0.1689,1,1,2967
ENCSR680UQE.IKZF2.GM12878,GM12878,,IKZF2,0.1688,1,1,4134
ENCSR293QAR.MTA2.GM12878,GM12878,,MTA2,0.16871,1,1,3137
ENCSR552XSN.MLLT1.GM12878,GM12878,,MLLT1,0.16858,1,1,3663
ENCSR769ZTN.GTF2F1.GM12878,GM12878,,GTF2F1,0.16833,1,1,5178
ENCSR000BRN.NFIC.GM12878,GM12878,,NFIC,0.16831,1,1,2974
ENCSR000ECU.MXI1.HeLa-S3,HeLa-S3,,MXI1,0.16821,1,1,5190
ENCSR000BHC.ZBTB33.GM12878,GM12878,,ZBTB33,0.16819,1,1,4836
ENCSR000BQM.PML.GM12878,GM12878,,PML,0.16814,1,1,5466
ENCSR507BWM.GLIS3.SK-N-SH_all-trans-retinoic-acid_6-uM_48-hour,SK-N-SH,all-trans-retinoic-acid 6-uM 48-hour,GLIS3,0.1681,1,1,2971
ENCSR412YGM.ZSCAN29.GM12878,GM12878,,ZSCAN29,0.16804,1,1,3865
ENCSR000EDB.BRCA1.HeLa-S3,HeLa-S3,,BRCA1,0.16798,1,1,4841
ENCSR184MFH.ZFP36.HeLa-S3,HeLa-S3,,ZFP36,0.1679,1,1,3670
ENCSR000BQG.SP2.WA01,WA01,,SP2,0.16781,1,1,4316
ENCSR140DSL.MAFF.HeLa-S3,HeLa-S3,,MAFF,0.16768,1,1,3309
ENCSR945NFL.USF2.SK-N-SH,SK-N-SH,,USF2,0.16728,1,1,4515
ENCSR437GBJ.NFATC3.GM12878,GM12878,,NFATC3,0.16689,1,1,4384
ENCSR000EZD.MYC.HeLa-S3,HeLa-S3,,MYC,0.16656,1,1,4408
ENCSR000EDO.CEBPZ.Hep-G2,Hep-G2,,CEBPZ,0.16622,1,1,5573
ENCSR000ECS.SMC3.HeLa-S3,HeLa-S3,,SMC3,0.16613,1,1,3100
ENCSR117KWH.ZNF207.GM12878,GM12878,,ZNF207,0.166,1,1,4841
ENCSR000EDH.JUND.HeLa-S3,HeLa-S3,,JUND,0.16545,1,1,3228
ENCSR739IHN.TBX21.GM12878,GM12878,,TBX21,0.16526,1,1,3111
ENCSR000ECX.RFX5.HeLa-S3,HeLa-S3,,RFX5,0.16501,1,1,4136
ENCSR000DRZ.CTCF.GM12878,GM12878,,CTCF,0.16491,1,1,2265
ENCSR000EAA.WRNIP1.GM12878,GM12878,,WRNIP1,0.16477,1,1,4515
ENCSR387QUV.RELB.GM12878,GM12878,,RELB,0.16475,1,1,4380
ENCSR793HVL.E2F8.GM12878,GM12878,,E2F8,0.16462,1,1,5109
ENCSR000BNQ.BCL3.GM12878,GM12878,,BCL3,0.16427,1,1,4149
ENCSR000ECL.MAZ.HeLa-S3,HeLa-S3,,MAZ,0.16395,1,1,4463
ENCSR000DYP.ZNF384.GM12878,GM12878,,ZNF384,0.16388,1,1,3091
ENCSR822AHX.IKZF2.GM12878,GM12878,,IKZF2,0.16346,1,1,3616
ENCSR000DZO.NRF1.GM12878,GM12878,,NRF1,0.16311,1,1,5176
ENCSR000EDK.SMARCB1.HeLa-S3,HeLa-S3,,SMARCB1,0.16302,1,1,4864
ENCSR330OEO.HDAC2.GM12878,GM12878,,HDAC2,0.16302,1,1,3865
ENCSR904YPP.NR3C1.GM12878,GM12878,,NR3C1,0.16296,1,1,5964
ENCSR000DZG.EP300.GM12878,GM12878,,EP300,0.16291,1,1,3011
ENCSR000BKA.ETS1.GM12878,GM12878,,ETS1,0.16287,1,1,5372
ENCSR585CVE.BACH1.GM12878,GM12878,,BACH1,0.16279,1,1,4159
ENCSR000EVM.E2F1.HeLa-S3,HeLa-S3,,E2F1,0.16266,1,1,4264
ENCSR412QBS.TARDBP.GM12878,GM12878,,TARDBP,0.1626,1,1,4450
ENCSR000AUS.SIRT6.WA01,WA01,,SIRT6,0.16249,1,1,4806
ENCSR000DUB.CTCF.HeLa-S3,HeLa-S3,,CTCF,0.16249,1,1,2474
ENCSR000BIU.USF1.WA01,WA01,,USF1,0.1622,1,1,3095
ENCSR189YYK.ZBTB40.GM12878,GM12878,,ZBTB40,0.16193,1,1,5390
ENCSR000EZF.MAX.HeLa-S3,HeLa-S3,,MAX,0.16191,1,1,4384
ENCSR000EAG.RELA.GM12878,GM12878,,RELA,0.16165,1,1,4722
ENCSR949COJ.ARNTL.SK-N-SH_all-trans-retinoic-acid_6-uM_48-hour,SK-N-SH,all-trans-retinoic-acid 6-uM 48-hour,ARNTL,0.16118,1,1,4455
ENCSR590KEQ.ARNT.GM12878,GM12878,,ARNT,0.16102,1,1,3959
ENCSR725VFL.TCF12.GM12878,GM12878,,TCF12,0.16101,1,1,3461
ENCSR000BGS.TAF1.GM12878,GM12878,,TAF1,0.16076,1,1,6010
ENCSR000BJE.SIX5.GM12878,GM12878,,SIX5,0.16069,1,1,5976
ENCSR000ATN.CTCF.CD14,CD14,,CTCF,0.16059,1,1,3554
ENCSR000BQL.NFATC1.GM12878,GM12878,,NFATC1,0.16044,1,1,3474
ENCSR860UHK.CBFB.GM12878,GM12878,,CBFB,0.16037,1,1,5391
ENCSR000ECC.NRF1.WA01,WA01,,NRF1,0.16008,1,1,4377
ENCSR000EVJ.E2F1.HeLa-S3,HeLa-S3,,E2F1,0.15986,1,1,4351
ENCSR841NDX.ELF1.GM12878,GM12878,,ELF1,0.15963,1,1,4865
ENCSR000EBQ.BACH1.WA01,WA01,,BACH1,0.15927,1,1,3134
ENCSR000EDM.SMARCC1.HeLa-S3,HeLa-S3,,SMARCC1,0.15917,1,1,3393
ENCSR900XDB.ZFP36.GM12878,GM12878,,ZFP36,0.15901,1,1,4693
ENCSR000EVU.FOS.endothelial_umbilical-vein,HUVEC,,FOS,0.15896,1,1,3185
ENCSR000EDL.SMARCC2.HeLa-S3,HeLa-S3,,SMARCC2,0.15883,1,1,2989
ENCSR000BUF.CREB1.GM12878,GM12878,,CREB1,0.15873,1,1,5178
ENCSR000BQT.TCF3.GM12878,GM12878,,TCF3,0.15864,1,1,4810
ENCSR000ECN.MAX.HeLa-S3,HeLa-S3,,MAX,0.1586,1,1,4459
ENCSR509FWH.DPF2.GM12878,GM12878,,DPF2,0.15822,1,1,4159
ENCSR804HMZ.HNRNPLL.Hep-G2,Hep-G2,,HNRNPLL,0.15803,1,1,3172
ENCSR897MMC.JUNB.GM12878,GM12878,,JUNB,0.15794,1,1,3022
ENCSR278SQL.NBN.GM12878,GM12878,,NBN,0.15752,1,1,4813
ENCSR679FAB.RNF2.GM12878,GM12878,,RNF2,0.15746,1,1,3663
ENCSR000DZA.MAZ.GM12878,GM12878,,MAZ,0.15723,1,1,4618
ENCSR706YUH.SMARCA5.GM12878,GM12878,,SMARCA5,0.1572,1,1,3309
ENCSR725LYT.ARID3A.GM12878,GM12878,,ARID3A,0.15691,1,1,5767
ENCSR636MKU.BACH1.GM12878,GM12878,,BACH1,0.1569,1,1,4810
ENCSR839XZU.CREM.GM12878,GM12878,,CREM,0.15682,1,1,5111
ENCSR000BKC.ATF3.WA01,WA01,,ATF3,0.15667,1,1,3774
ENCSR928API.RFX1.Hep-G2,Hep-G2,,RFX1,0.15657,1,1,3309
ENCSR000BQK.ATF2.GM12878,GM12878,,ATF2,0.1565,1,1,3658
ENCSR177VFS.MEF2B.GM12878,GM12878,,MEF2B,0.15625,1,1,3396
ENCSR000DZJ.BHLHE40.GM12878,GM12878,,BHLHE40,0.15616,1,1,3774
ENCSR000BHJ.PAX5.GM12878,GM12878,,PAX5,0.15607,1,1,5111
ENCSR000BRX.CEBPB.GM12878,GM12878,,CEBPB,0.15594,1,1,3001
ENCSR000BTZ.USF1.SK-N-SH,SK-N-SH,,USF1,0.15589,1,1,3774
ENCSR212YKD.SKIL.GM12878,GM12878,,SKIL,0.15587,1,1,4157
ENCSR501DKS.TCF7.GM12878,GM12878,,TCF7,0.15525,1,1,3292
ENCSR000ECM.RCOR1.HeLa-S3,HeLa-S3,,RCOR1,0.15523,1,1,4452
ENCSR887MXT.ZHX1.HeLa-S3,HeLa-S3,,ZHX1,0.15495,1,1,5190
ENCSR000BIQ.SIX5.WA01,WA01,,SIX5,0.1548,1,1,5109
ENCSR855WKQ.ZHX1.HeLa-S3,HeLa-S3,,ZHX1,0.15472,1,1,4410
ENCSR173ZVL.ZNF592.GM12878,GM12878,,ZNF592,0.15447,1,1,3795
ENCSR813DCK.SMAD1.GM12878,GM12878,,SMAD1,0.15447,1,1,5090
ENCSR000BJD.RXRA.GM12878,GM12878,,RXRA,0.15441,1,1,4865
ENCSR514VAY.HCFC1.GM12878,GM12878,,HCFC1,0.15436,1,1,4865
ENCSR000BGR.PBX3.GM12878,GM12878,,PBX3,0.15423,1,1,4421
ENCSR014YCR.ATF7.GM12878,GM12878,,ATF7,0.15406,1,1,4380
ENCSR009MBP.HSF1.GM12878,GM12878,,HSF1,0.1539,1,1,5132
ENCSR637QAM.TRIM22.GM12878,GM12878,,TRIM22,0.15335,1,1,4619
ENCSR785OKZ.RB1.GM12878,GM12878,,RB1,0.15245,1,1,4813
ENCSR331HPA.GABPA.GM12878,GM12878,,GABPA,0.15198,1,1,5363
ENCSR016UEH.TARDBP.GM12878,GM12878,,TARDBP,0.15189,1,1,5111
ENCSR000EUP.MAX.WA01,WA01,,MAX,0.15158,1,1,3146
ENCSR000EDJ.NRF1.HeLa-S3,HeLa-S3,,NRF1,0.15142,1,1,5092
ENCSR000EHY.RFX5.SK-N-SH,SK-N-SH,,RFX5,0.1512,1,1,4224
ENCSR517QHU.BHLHE40.GM12878,GM12878,,BHLHE40,0.15109,1,1,4813
ENCSR000BHA.BCL11A.GM12878,GM12878,,BCL11A,0.15059,1,1,4810
ENCSR000DZD.EP300.GM12878,GM12878,,EP300,0.1505,1,1,3011
ENCSR000ECO.ZNF143.HeLa-S3,HeLa-S3,,ZNF143,0.15012,1,1,4377
ENCSR000DYS.JUND.GM12878,GM12878,,JUND,0.14866,1,1,3769
ENCSR000DZR.CHD2.GM12878,GM12878,,CHD2,0.14861,1,1,5177
ENCSR000BGZ.TCF12.GM12878,GM12878,,TCF12,0.14783,1,1,4813
ENCSR000BRH.MTA3.GM12878,GM12878,,MTA3,0.14747,1,1,4456
ENCSR000BKB.MEF2A.GM12878,GM12878,,MEF2A,0.14742,1,1,4375
ENCSR000ECP.CHD2.HeLa-S3,HeLa-S3,,CHD2,0.14734,1,1,4459
ENCSR771GTF.SUZ12.Hep-G2,Hep-G2,,SUZ12,0.1473,1,1,4461
ENCSR711XNY.PKNOX1.GM12878,GM12878,,PKNOX1,0.14688,1,1,4355
ENCSR828NCB.GATAD2B.GM12878,GM12878,,GATAD2B,0.14646,1,1,4810
ENCSR819ATC.MYB.GM12878,GM12878,,MYB,0.14617,1,1,5109
ENCSR835XKS.TRIM22.GM12878,GM12878,,TRIM22,0.14573,1,1,3096
ENCSR000BQS.REST.GM12878,GM12878,,REST,0.1456,1,1,5372
ENCSR000BNG.MEF2C.GM12878,GM12878,,MEF2C,0.14558,1,1,3774
ENCSR778UBR.ARID3A.GM12878,GM12878,,ARID3A,0.14542,1,1,4409
ENCSR075FNZ.ZNF622.GM12878,GM12878,,ZNF622,0.14512,1,1,3977
ENCSR000BLU.TAF7.WA01,WA01,,TAF7,0.14491,1,1,4813
ENCSR000BHD.PAX5.GM12878,GM12878,,PAX5,0.14489,1,1,4813
ENCSR987MTA.BHLHE40.GM12878,GM12878,,BHLHE40,0.14447,1,1,4470
ENCSR933EYC.HDAC6.GM12878,GM12878,,HDAC6,0.14432,1,1,3784
ENCSR751CJG.CHD4.GM12878,GM12878,,CHD4,0.14419,1,1,3811
ENCSR000BGY.IRF4.GM12878,GM12878,,IRF4,0.14395,1,1,4379
ENCSR000BRU.FOXM1.GM12878,GM12878,,FOXM1,0.14363,1,1,3005
ENCSR849WCQ.ASH2L.GM12878,GM12878,,ASH2L,0.14363,1,1,4810
ENCSR000BHK.SP1.GM12878,GM12878,,SP1,0.14292,1,1,5206
ENCSR000BGE.SRF.GM12878,GM12878,,SRF,0.14217,1,1,4476
ENCSR000DYR.CUX1.GM12878,GM12878,,CUX1,0.1417,1,1,3510
ENCSR000BHB.EP300.GM12878,GM12878,,EP300,0.14034,1,1,3748
ENCSR000BND.ZEB1.GM12878,GM12878,,ZEB1,0.14008,1,1,4813
ENCSR041XML.SRF.GM12878,GM12878,,SRF,0.13992,1,1,2993
ENCSR000BTA.ELF1.SK-N-SH,SK-N-SH,,ELF1,0.1386,1,1,4816
ENCSR000BQV.SP4.WA01,WA01,,SP4,0.13815,1,1,3175
ENCSR626VUC.ETV6.GM12878,GM12878,,ETV6,0.13803,1,1,4374
ENCSR000BMQ.EGR1.GM12878,GM12878,,EGR1,0.13795,1,1,4810
ENCSR000DZL.ZNF143.GM12878,GM12878,,ZNF143,0.13694,1,1,3096
ENCSR000BIR.SP1.WA01,WA01,,SP1,0.13667,1,1,3151
ENCSR207PFI.ZBED1.GM12878,GM12878,,ZBED1,0.1364,1,1,3812
ENCSR000DYZ.TBL1XR1.GM12878,GM12878,,TBL1XR1,0.13612,1,1,3649
ENCSR936XTK.ZNF143.GM12878,GM12878,,ZNF143,0.13603,1,1,4408
ENCSR000BTG.GABPA.SK-N-SH,SK-N-SH,,GABPA,0.13543,1,1,4816
ENCSR000EBR.MXI1.WA01,WA01,,MXI1,0.13463,1,1,4096
ENCSR000EHZ.NRF1.SK-N-SH,SK-N-SH,,NRF1,0.13431,1,1,3619
ENCSR000DZC.RCOR1.GM12878,GM12878,,RCOR1,0.13367,1,1,4163
ENCSR000BMI.SRF.GM12878,GM12878,,SRF,0.13365,1,1,4816
ENCSR000EBX.BRCA1.WA01,WA01,,BRCA1,0.13223,1,1,4845
ENCSR000EEZ.MAX.endothelial_umbilical-vein,HUVEC,,MAX,0.13206,1,1,4380
ENCSR000BMF.USF1.SK-N-SH,SK-N-SH,,USF1,0.13198,1,1,4470
ENCSR000BQU.ATF2.WA01,WA01,,ATF2,0.1309,1,1,3105
ENCSR000DZS.BRCA1.GM12878,GM12878,,BRCA1,0.13087,1,1,5266
ENCSR000DLU.MYC.endothelial_umbilical-vein,HUVEC,,MYC,0.12945,1,1,4813
ENCSR000BMB.ELF1.GM12878,GM12878,,ELF1,0.12696,1,1,4813
ENCSR718SDR.CTCF.heart_left-ventricle,heart,left-ventricle,CTCF,0.12591,1,1,3146
ENCSR000BTS.ZBTB33.SK-N-SH,SK-N-SH,,ZBTB33,0.1256,1,1,3170
ENCSR000BIV.SRF.WA01,WA01,,SRF,0.12438,1,1,3952
ENCSR000EBT.CHD2.WA01,WA01,,CHD2,0.12399,1,1,4380
ENCSR000EBU.CHD1.WA01,WA01,,CHD1,0.12195,1,1,3799
ENCSR000DZE.CHD1.GM12878,GM12878,,CHD1,0.11918,1,1,4831
ENCSR000BVD.MAX.SK-N-SH,SK-N-SH,,MAX,0.11877,1,1,3175
ENCSR000BSM.YY1.SK-N-SH,SK-N-SH,,YY1,0.11804,1,1,4415
ENCSR544APK.CTCF.heart_left-ventricle,heart,left-ventricle,CTCF,0.11665,1,1,3146
ENCSR000BQF.TAF1.SK-N-SH,SK-N-SH,,TAF1,0.11322,1,1,4534
ENCSR009TKN.RCOR1.SK-N-SH,SK-N-SH,,RCOR1,0.10872,1,1,3062
ENCSR000BLZ.YY1.SK-N-SH,SK-N-SH,,YY1,0.1072,1,1,4320
ENCSR000BPB.SIN3A.SK-N-SH,SK-N-SH,,SIN3A,0.10699,1,1,3175
ENCSR274SLQ.CHD2.SK-N-SH,SK-N-SH,,CHD2,0.10341,1,1,3146
ENCSR000EIA.MXI1.SK-N-SH,SK-N-SH,,MXI1,0.096639,1,1,3175
ENCSR000BIS.SIN3A.WA01,WA01,,SIN3A,-0.107,1,1,14549
ENCSR791AYW.CTCF.heart_left-ventricle,heart,left-ventricle,CTCF,-0.1117,1,1,15104
ENCSR000ATK.PHF8.WA01,WA01,,PHF8,-0.11885,1,1,14613
ENCSR232OFD.CTCF.heart,heart,,CTCF,-0.12986,1,1,14597
ENCSR000BKP.JUND.WA01,WA01,,JUND,-0.13202,1,1,14551
ENCSR000AVC.KDM4A.WA01,WA01,,KDM4A,-0.13533,1,1,15085
ENCSR000ECB.TBP.WA01,WA01,,TBP,-0.13752,1,1,14779
ENCSR000ECR.KAT2A.HeLa-S3,HeLa-S3,,KAT2A,-0.13823,1,1,11777
ENCSR000ATR.SAP30.WA01,WA01,,SAP30,-0.1406,1,1,14617
ENCSR000EBZ.JUND.WA01,WA01,,JUND,-0.15006,1,1,14574
ENCSR000AQK.CHD1.WA01,WA01,,CHD1,-0.15391,1,1,14613
ENCSR000BSN.CREB1.WA01,WA01,,CREB1,-0.15615,1,1,14694
ENCSR000BJA.EGR1.WA01,WA01,,EGR1,-0.15798,1,1,14411
ENCSR000BHM.REST.WA01,WA01,,REST,-0.15927,1,1,14419
ENCSR000BHO.TAF1.WA01,WA01,,TAF1,-0.15997,1,1,14616
ENCSR000AUQ.EP300.WA01,WA01,,EP300,-0.16028,1,1,14154
ENCSR000BKK.EP300.WA01,WA01,,EP300,-0.16056,1,1,14574
ENCSR000DKV.CTCF.GM12878,GM12878,,CTCF,-0.16323,1,1,14401
ENCSR205SKQ.YBX1.GM12878,GM12878,,YBX1,-0.16338,1,1,13370
ENCSR778ZPK.CTCF.heart,heart,,CTCF,-0.16797,1,1,14594
ENCSR000EBW.ZNF143.WA01,WA01,,ZNF143,-0.17223,1,1,14570
ENCSR000DZQ.EBF1.GM12878,GM12878,,EBF1,-0.17237,1,1,13370
ENCSR000BSV.NFIC.SK-N-SH,SK-N-SH,,NFIC,-0.17239,1,1,14039
ENCSR000AKB.CTCF.GM12878,GM12878,,CTCF,-0.17318,1,1,14045
ENCSR000BMY.RAD21.GM12878,GM12878,,RAD21,-0.17393,1,1,14329
ENCSR541AMF.CTCF.SK-N-SH,SK-N-SH,,CTCF,-0.17397,1,1,14539
ENCSR000BMT.NANOG.WA01,WA01,,NANOG,-0.17568,1,1,14576
ENCSR581GUY.ZFP3.SK-N-SH_all-trans-retinoic-acid_6-uM_48-hour,SK-N-SH,all-trans-retinoic-acid 6-uM 48-hour,ZFP3,-0.1767,1,1,14151
ENCSR000BNS.FOSL1.WA01,WA01,,FOSL1,-0.17681,1,1,14211
ENCSR000BKD.YY1.WA01,WA01,,YY1,-0.17726,1,1,14704
ENCSR000DZN.CTCF.GM12878,GM12878,,CTCF,-0.17861,1,1,14319
ENCSR372GIN.CBX5.GM12878,GM12878,,CBX5,-0.18036,1,1,14033
ENCSR000EAC.RAD21.GM12878,GM12878,,RAD21,-0.18056,1,1,14329
ENCSR000EFA.JUN.endothelial_umbilical-vein,HUVEC,,JUN,-0.18114,1,1,14094
ENCSR000EBO.SIN3A.WA01,WA01,,SIN3A,-0.1818,1,1,14701
ENCSR565HBN.CTCF.heart,heart,,CTCF,-0.18195,1,1,14053
ENCSR000EIB.JUND.SK-N-SH,SK-N-SH,,JUND,-0.18238,1,1,14098
ENCSR000BUA.EP300.SK-N-SH,SK-N-SH,,EP300,-0.18276,1,1,14533
ENCSR355PMV.CTCF.heart,heart,,CTCF,-0.18412,1,1,13877
ENCSR000BIW.GABPA.WA01,WA01,,GABPA,-0.18432,1,1,14613
ENCSR000DXQ.CTCF.SK-N-SH,SK-N-SH,,CTCF,-0.18656,1,1,14531
ENCSR000BJW.RXRA.WA01,WA01,,RXRA,-0.18675,1,1,14031
ENCSR000DVP.CTCF.endothelial_umbilical-vein,HUVEC,,CTCF,-0.18717,1,1,14533
ENCSR000EVW.GATA2.endothelial_umbilical-vein,HUVEC,,GATA2,-0.18853,1,1,13946
ENCSR000ECF.RFX5.WA01,WA01,,RFX5,-0.18973,1,1,14095
ENCSR000BIT.TCF12.WA01,WA01,,TCF12,-0.19019,1,1,14290
ENCSR401KRN.CTCF.heart,heart,,CTCF,-0.19053,1,1,14045
ENCSR000AVB.HDAC2.WA01,WA01,,HDAC2,-0.19144,1,1,14597
ENCSR000EDG.JUN.HeLa-S3,HeLa-S3,,JUN,-0.19285,1,1,14154
ENCSR754GYI.BNC2.SK-N-SH_all-trans-retinoic-acid_6-uM_48-hour,SK-N-SH,all-trans-retinoic-acid 6-uM 48-hour,BNC2,-0.19368,1,1,13584
ENCSR000BSI.E2F6.WA01,WA01,,E2F6,-0.196,1,1,14613
ENCSR000AQC.RBBP5.WA01,WA01,,RBBP5,-0.1968,1,1,14701
ENCSR000BVB.FOSL2.SK-N-SH,SK-N-SH,,FOSL2,-0.19846,1,1,14095
ENCSR000DLW.CTCF.endothelial_umbilical-vein,HUVEC,,CTCF,-0.1985,1,1,14319
ENCSR663WAR.REST.WA01,WA01,,REST,-0.19865,1,1,13305
ENCSR000EIC.CTCF.SK-N-SH,SK-N-SH,,CTCF,-0.19902,1,1,14329
ENCSR000ALA.CTCF.endothelial_umbilical-vein,HUVEC,,CTCF,-0.20006,1,1,14318
ENCSR000BLX.CTCF.SK-N-SH,SK-N-SH,,CTCF,-0.20041,1,1,14664
ENCSR000BSK.JUND.SK-N-SH,SK-N-SH,,JUND,-0.20215,1,1,14537
ENCSR758GOA.CREB5.SK-N-SH_all-trans-retinoic-acid_6-uM_48-hour,SK-N-SH,all-trans-retinoic-acid 6-uM 48-hour,CREB5,-0.20272,1,1,14141
ENCSR000BNR.HDAC2.WA01,WA01,,HDAC2,-0.20339,1,1,13919
ENCSR282NLQ.TSHZ2.SK-N-SH_all-trans-retinoic-acid_6-uM_48-hour,SK-N-SH,all-trans-retinoic-acid 6-uM 48-hour,TSHZ2,-0.20362,1,1,14039
ENCSR000ECA.JUN.WA01,WA01,,JUN,-0.20512,0.992,1,13985
ENCSR000AVA.CHD7.WA01,WA01,,CHD7,-0.20547,1,1,14132
ENCSR506HXN.TRIM22.Hep-G2,Hep-G2,,TRIM22,-0.20776,0.973,1,14334
ENCSR000BNH.CTCF.WA01,WA01,,CTCF,-0.20834,1,1,14053
ENCSR000DLK.CTCF.WA01,WA01,,CTCF,-0.20851,1,1,14607
ENCSR226NRS.TOX2.SK-N-SH_all-trans-retinoic-acid_6-uM_48-hour,SK-N-SH,all-trans-retinoic-acid 6-uM 48-hour,TOX2,-0.20887,0.982,1,14141
ENCSR850KIP.ASH2L.WA01,WA01,,ASH2L,-0.20965,1,1,14091
ENCSR000BTB.FOXM1.SK-N-SH,SK-N-SH,,FOXM1,-0.21033,0.995,1,14042
ENCSR602QEJ.PPARA.SK-N-SH_all-trans-retinoic-acid_6-uM_48-hour,SK-N-SH,all-trans-retinoic-acid 6-uM 48-hour,PPARA,-0.21104,0.953,1,13464
ENCSR474KBG.CSDC2.SK-N-SH_all-trans-retinoic-acid_6-uM_48-hour,SK-N-SH,all-trans-retinoic-acid 6-uM 48-hour,CSDC2,-0.21258,0.999,1,13912
ENCSR000BJJ.REST.SK-N-SH,SK-N-SH,,REST,-0.21367,0.992,1,13637
ENCSR706VOO.GATA2.SK-N-SH,SK-N-SH,,GATA2,-0.21372,0.998,1,14154
ENCSR000DZP.SMC3.GM12878,GM12878,,SMC3,-0.2138,1,1,14384
ENCSR000EHW.SMC3.SK-N-SH,SK-N-SH,,SMC3,-0.21436,1,1,13867
ENCSR000EHX.RAD21.SK-N-SH,SK-N-SH,,RAD21,-0.21443,1,1,14329
ENCSR000BUQ.TEAD4.SK-N-SH,SK-N-SH,,TEAD4,-0.21526,1,1,13901
ENCSR469WII.BMI1.GM12878,GM12878,,BMI1,-0.21587,0.997,1,13603
ENCSR023KKB.ESRRG.SK-N-SH_all-trans-retinoic-acid_6-uM_48-hour,SK-N-SH,all-trans-retinoic-acid 6-uM 48-hour,ESRRG,-0.21624,0.933,1,13485
ENCSR278JQG.IKZF1.Hep-G2,Hep-G2,,IKZF1,-0.21743,0.906,1,14399
ENCSR000BIP.BCL11A.WA01,WA01,,BCL11A,-0.21922,0.922,1,14054
ENCSR000BGF.REST.GM12878,GM12878,,REST,-0.2224,0.949,1,14167
ENCSR106GVM.SNAI2.SK-N-SH_all-trans-retinoic-acid_6-uM_48-hour,SK-N-SH,all-trans-retinoic-acid 6-uM 48-hour,SNAI2,-0.22301,0.97,1,13887
ENCSR000BMU.POU5F1.WA01,WA01,,POU5F1,-0.22344,0.904,1,14415
ENCSR000DNT.ZZZ3.HeLa-S3,HeLa-S3,,ZZZ3,-0.22619,0.934,1,14331
ENCSR000BVG.RXRA.SK-N-SH,SK-N-SH,,RXRA,-0.22806,0.962,1,13874
ENCSR000BJL.REST.Hep-G2,Hep-G2,,REST,-0.22977,0.82,1,14844
ENCSR000EHV.EP300.SK-N-SH,SK-N-SH,,EP300,-0.23835,0.889,1,14054
ENCSR916BOH.RB1.GM12878,GM12878,,RB1,-0.23886,0.779,1,14310
ENCSR000AUR.KDM5B.WA01,WA01,,KDM5B,-0.24086,0.687,1,14142
ENCSR634ZGP.UBTF.HeLa-S3,HeLa-S3,,UBTF,-0.24159,0.68,1,13958
ENCSR000BMJ.BCL11A.WA01,WA01,,BCL11A,-0.24839,0.551,1,14020
ENCSR000EUO.CTBP2.WA01,WA01,,CTBP2,-0.24985,0.539,1,14054
ENCSR744XTG.SUZ12.GM12878,GM12878,,SUZ12,-0.26334,0.128,0.42135885167464115,13830
ENCSR000BVC.MEF2A.SK-N-SH,SK-N-SH,,MEF2A,-0.2645,0.192,0.6031780821917808,14147
ENCSR000ATS.SUZ12.WA01,WA01,,SUZ12,-0.26611,0.078,0.26832,13933
ENCSR000ASY.EZH2.WA01,WA01,,EZH2,-0.27966,0.003,0.011862068965517242,14058
ENCSR784VUY.RNF2.WA01,WA01,,RNF2,-0.2922,0,0,13944
ENCSR000DNQ.ZZZ3.GM12878,GM12878,,ZZZ3,-0.31052,0.379,1,13543
ENCSR000ATA.EZH2.endothelial_umbilical-vein,HUVEC,,EZH2,-0.34971,0,0,14140
ENCSR000EUQ.SUZ12.WA01,WA01,,SUZ12,-0.35377,0.001,0.004071005917159764,14074
ENCSR000ARD.EZH2.GM12878,GM12878,,EZH2,-0.38816,0.119,0.39551690821256036,15715
ENCSR091BOQ.SUZ12.GM12878,GM12878,,SUZ12,-0.41008,0,0,14329
ENCSR297MUV.EZH2_phosphoT487.SK-N-SH,SK-N-SH,,EZH2_phosphoT487,-0.41749000000000003,0,0,14063
ENCSR000ARI.EZH2.Hep-G2,Hep-G2,,EZH2,-0.48803,0,0,14249
